file_name,class,width,height,aspect_ratio,file_size_kb,mean_intensity,std_intensity,skewness,kurtosis,entropy,edge_density,laplacian_var,mean_r,mean_g,mean_b
Blur(1).jpg,Blur,1504,2070,0.727,413.19,223.761,28.595,-3.037,9.078,3.582,0.067,453.422,233.8,220.76,212.33
Blur(10).jpg,Blur,1504,2084,0.722,371.29,232.267,25.31,-3.649,14.361,3.384,0.059,465.684,241.27,230.23,218.41
Blur(11).jpg,Blur,1472,2044,0.72,321.17,235.395,19.72,-3.542,14.142,3.158,0.054,277.532,243.41,233.5,223.26
Blur(12).jpg,Blur,1488,2070,0.719,340.66,226.737,20.693,-3.399,13.339,3.471,0.058,290.856,230.15,226.53,219.82
Blur(13).jpg,Blur,1504,2070,0.727,434.25,228.951,26.737,-2.998,9.087,3.535,0.071,534.483,238.36,226.14,218.19
Blur(14).jpg,Blur,1472,2044,0.72,338.99,227.344,21.694,-3.736,15.301,3.315,0.054,360.7,237.77,224.48,214.21
Blur(15).jpg,Blur,1504,2095,0.718,278.45,228.806,15.927,-4.003,20.476,3.209,0.039,169.634,232.59,228.68,220.58
Blur(16).jpg,Blur,1504,2095,0.718,282.71,228.804,16.317,-3.777,17.714,3.269,0.046,178.526,232.62,228.58,221.01
Blur(17).jpg,Blur,1472,2045,0.72,408.17,234.236,32.573,-3.047,9.307,3.666,0.063,460.269,235.46,232.68,239.04
Blur(18).jpg,Blur,1472,2030,0.725,443.54,231.274,33.814,-2.674,7.285,3.909,0.072,499.636,232.16,229.45,238.28
Blur(19).jpg,Blur,1408,1952,0.721,299.93,221.864,20.097,-3.639,15.636,3.443,0.051,269.903,223.4,220.22,226.37
Blur(2).jpg,Blur,1488,2058,0.723,332.4,217.985,19.887,-3.827,17.493,3.471,0.035,306.936,222.14,217.02,212.67
Blur(20).jpg,Blur,1456,2006,0.726,357.53,223.124,23.24,-3.166,11.234,3.621,0.061,340.195,224.59,221.46,227.89
Blur(21).jpg,Blur,1488,2070,0.719,430.22,217.275,34.797,-2.685,6.625,3.884,0.07,513.245,219.59,215.66,219.56
Blur(22).jpg,Blur,1472,2032,0.724,438.67,220.151,25.758,-2.41,5.509,3.829,0.079,393.217,221.09,218.27,227.42
Blur(23).jpg,Blur,1440,2006,0.718,302.89,240.522,23.147,-3.25,11.8,3.222,0.052,238.521,241.54,239.11,245.15
Blur(24).jpg,Blur,1472,2058,0.715,413.96,226.792,26.244,-3.048,9.423,3.587,0.067,447.245,236.36,224.08,215.15
Blur(25).jpg,Blur,1472,2044,0.72,432.82,226.598,27.579,-2.821,7.779,3.627,0.073,500.176,235.77,223.87,216.11
Blur(26).jpg,Blur,1488,2056,0.724,395.79,228.736,26.936,-3.175,10.279,3.576,0.062,350.724,238.11,226.02,217.62
Blur(27).jpg,Blur,1504,2084,0.722,423.9,223.979,31.264,-2.895,8.207,3.821,0.069,439.345,233.81,221.48,210.39
Blur(28).jpg,Blur,1536,2122,0.724,434.65,228.22,28.914,-2.891,8.598,3.708,0.065,358.742,235.82,225.55,220.88
Blur(29).jpg,Blur,1536,2136,0.719,378.13,233.479,24.705,-3.171,10.308,3.4,0.056,290.278,240.71,231.29,224.45
Blur(3).jpg,Blur,1504,2070,0.727,380.36,220.255,21.937,-3.548,14.237,3.574,0.04,415.097,224.11,219.21,216.01
Blur(30).jpg,Blur,1472,2044,0.72,340.6,210.509,22.281,-3.449,14.079,3.625,0.054,338.774,214.48,209.13,207.6
Blur(31).jpg,Blur,1456,2018,0.722,303.44,229.353,19.46,-3.725,15.99,3.306,0.047,245.733,233.71,228.39,223.09
Blur(32).jpg,Blur,1408,1966,0.716,337.79,235.783,30.204,-3.236,11.054,3.579,0.045,357.371,237.53,234.66,236.98
Blur(33).jpg,Blur,1504,2082,0.722,413.18,232.741,26.299,-2.969,8.801,3.361,0.071,437.933,240.17,230.83,222.5
Blur(34).jpg,Blur,1472,2044,0.72,382.97,223.989,24.659,-3.133,10.45,3.569,0.064,380.575,225.77,222.22,228.48
Blur(35).jpg,Blur,1520,2095,0.726,445.4,225.385,26.694,-3.021,8.964,3.509,0.065,590.053,228.09,223.35,228.84
Blur(36).jpg,Blur,1472,2058,0.715,348.58,230.738,21.589,-3.841,16.642,3.437,0.054,329.582,240.0,228.28,218.27
Blur(37).jpg,Blur,1312,1810,0.725,323.51,244.663,26.108,-3.401,11.657,2.403,0.067,607.793,244.32,244.1,248.4
Blur(38).jpg,Blur,1456,2018,0.722,467.66,230.225,31.79,-2.63,6.53,3.74,0.076,611.362,231.0,229.45,232.34
Blur(39).jpg,Blur,1424,1980,0.719,346.17,238.711,27.148,-3.563,13.653,3.272,0.059,479.766,238.67,238.66,239.12
Blur(4).jpg,Blur,1472,2044,0.72,343.85,217.66,20.994,-3.768,15.966,3.429,0.041,392.95,221.79,216.58,212.84
Blur(40).jpg,Blur,1456,2018,0.722,356.4,209.954,20.416,-3.131,11.827,3.719,0.057,261.166,217.6,207.42,200.76
Blur(41).jpg,Blur,1488,2056,0.724,343.16,245.771,26.802,-3.998,16.699,2.068,0.054,411.469,245.36,245.46,248.42
Blur(42).jpg,Blur,1472,2045,0.72,290.04,223.733,18.693,-3.574,15.382,3.436,0.042,176.363,233.32,220.91,212.08
Blur(43).jpg,Blur,1456,2018,0.722,378.62,219.414,23.212,-2.902,8.967,3.722,0.064,313.69,230.32,216.25,206.67
Blur(44).jpg,Blur,1456,2018,0.722,293.34,223.151,18.382,-3.47,14.902,3.479,0.044,174.286,234.45,220.05,208.96
Blur(45).jpg,Blur,1472,2044,0.72,389.93,215.848,31.717,-2.985,8.61,3.708,0.065,480.88,218.32,214.36,217.11
Blur(46).jpg,Blur,1472,2058,0.715,341.86,225.583,20.736,-3.145,10.699,3.471,0.055,270.496,227.59,223.7,230.07
Blur(47).jpg,Blur,1488,2056,0.724,327.78,234.527,23.785,-3.805,15.482,3.088,0.05,331.963,242.76,232.64,222.12
Blur(48).jpg,Blur,1504,2095,0.718,414.48,225.581,31.236,-2.94,8.386,3.71,0.068,450.798,235.53,223.28,210.89
Blur(49).jpg,Blur,1520,2098,0.724,434.54,208.236,23.981,-2.753,9.121,3.879,0.07,467.92,212.27,206.7,205.98
Blur(5).jpg,Blur,1472,2044,0.72,353.59,230.396,26.439,-3.399,12.168,3.46,0.055,338.551,238.66,228.34,218.79
Blur(50).jpg,Blur,1488,2070,0.719,335.12,211.651,19.868,-3.547,15.044,3.586,0.049,305.083,215.83,210.36,207.88
Blur(6).jpg,Blur,1472,2044,0.72,401.96,231.314,29.842,-3.09,9.36,3.335,0.066,466.598,238.67,229.08,222.23
Blur(7).jpg,Blur,1488,2058,0.723,372.87,231.422,25.439,-3.243,10.837,3.395,0.06,382.996,239.64,228.87,221.82
Blur(8).jpg,Blur,1504,2084,0.722,375.02,234.107,24.504,-3.395,12.051,3.35,0.057,361.072,240.79,231.98,225.86
Blur(9).jpg,Blur,1488,2072,0.718,348.79,235.493,25.362,-3.734,14.896,3.133,0.058,436.747,243.11,233.65,223.49
CopyPaste(1).jpg,Copy Paste,1504,2070,0.727,571.46,223.636,28.785,-3.025,8.948,3.631,0.068,471.795,233.77,220.64,212.15
CopyPaste(10).jpg,Copy Paste,1504,2084,0.722,516.28,232.177,25.446,-3.642,14.258,3.443,0.059,477.619,241.23,230.2,218.18
CopyPaste(11).jpg,Copy Paste,1472,2044,0.72,441.2,235.359,19.818,-3.549,14.165,3.237,0.055,284.375,243.39,233.53,223.13
CopyPaste(12).jpg,Copy Paste,1488,2070,0.719,465.51,226.669,20.734,-3.403,13.334,3.51,0.058,295.926,230.13,226.32,219.7
CopyPaste(13).jpg,Copy Paste,1504,2070,0.727,597.37,228.862,26.838,-2.994,9.029,3.587,0.072,550.576,238.33,226.08,218.02
CopyPaste(14).jpg,Copy Paste,1472,2044,0.72,463.25,227.255,21.846,-3.728,15.153,3.372,0.055,375.141,237.79,224.4,214.03
CopyPaste(15).jpg,Copy Paste,1504,2095,0.718,373.04,228.746,16.036,-4.03,20.552,3.256,0.039,174.082,232.57,228.47,220.45
CopyPaste(16).jpg,Copy Paste,1504,2095,0.718,381.64,228.719,16.454,-3.777,17.574,3.32,0.046,183.662,232.57,228.35,220.86
CopyPaste(17).jpg,Copy Paste,1472,2045,0.72,579.72,234.199,32.707,-3.049,9.269,3.707,0.064,471.746,235.43,232.64,238.98
CopyPaste(18).jpg,Copy Paste,1472,2030,0.725,631.9,231.215,34.027,-2.677,7.245,3.951,0.072,513.714,232.11,229.39,238.25
CopyPaste(19).jpg,Copy Paste,1408,1952,0.721,409.78,221.773,20.294,-3.654,15.626,3.478,0.051,279.268,223.35,220.1,226.35
CopyPaste(2).jpg,Copy Paste,1488,2058,0.723,440.36,217.927,19.934,-3.838,17.509,3.5,0.033,312.698,222.16,216.91,212.57
CopyPaste(20).jpg,Copy Paste,1456,2006,0.726,493.07,223.038,23.351,-3.165,11.17,3.645,0.061,348.692,224.54,221.35,227.86
CopyPaste(21).jpg,Copy Paste,1488,2070,0.719,613.39,217.179,34.956,-2.679,6.556,3.9,0.07,527.287,219.56,215.53,219.53
CopyPaste(22).jpg,Copy Paste,1472,2032,0.724,611.46,220.095,25.781,-2.41,5.493,3.843,0.079,397.487,221.06,218.2,227.41
CopyPaste(23).jpg,Copy Paste,1440,2006,0.718,421.44,240.435,23.296,-3.256,11.8,3.303,0.053,244.09,241.45,239.02,245.05
CopyPaste(24).jpg,Copy Paste,1472,2058,0.715,572.76,226.718,26.345,-3.046,9.367,3.622,0.067,460.696,236.36,224.03,214.98
CopyPaste(25).jpg,Copy Paste,1472,2044,0.72,600.53,226.532,27.68,-2.82,7.74,3.664,0.073,515.342,235.78,223.83,215.94
CopyPaste(26).jpg,Copy Paste,1488,2056,0.724,546.82,228.632,27.172,-3.164,10.129,3.613,0.063,366.533,238.05,225.95,217.42
CopyPaste(27).jpg,Copy Paste,1504,2084,0.722,579.88,223.846,31.48,-2.883,8.076,3.849,0.07,456.833,233.76,221.39,210.12
CopyPaste(28).jpg,Copy Paste,1536,2122,0.724,601.37,228.161,28.991,-2.887,8.538,3.752,0.066,367.148,235.8,225.59,220.78
CopyPaste(29).jpg,Copy Paste,1536,2136,0.719,518.98,233.402,24.841,-3.158,10.185,3.478,0.057,298.633,240.64,231.29,224.36
CopyPaste(3).jpg,Copy Paste,1504,2070,0.727,517.34,220.215,21.981,-3.559,14.265,3.6,0.04,424.528,224.15,219.13,215.93
CopyPaste(30).jpg,Copy Paste,1472,2044,0.72,470.34,210.444,22.378,-3.458,14.071,3.652,0.053,346.268,214.5,208.99,207.52
CopyPaste(31).jpg,Copy Paste,1456,2018,0.722,412.53,229.286,19.548,-3.737,16.017,3.346,0.046,250.561,233.75,228.29,222.95
CopyPaste(32).jpg,Copy Paste,1408,1966,0.716,480.49,235.73,30.349,-3.232,10.969,3.63,0.045,368.748,237.48,234.61,236.9
CopyPaste(33).jpg,Copy Paste,1504,2082,0.722,571.27,232.706,26.377,-2.965,8.758,3.456,0.071,448.523,240.13,230.86,222.38
CopyPaste(34).jpg,Copy Paste,1472,2044,0.72,533.2,223.878,24.824,-3.128,10.355,3.595,0.065,391.44,225.71,222.09,228.42
CopyPaste(35).jpg,Copy Paste,1520,2095,0.726,579.22,225.307,26.867,-3.021,8.92,3.553,0.065,622.396,228.07,223.25,228.81
CopyPaste(36).jpg,Copy Paste,1472,2058,0.715,482.17,230.686,21.736,-3.843,16.556,3.478,0.055,340.517,240.01,228.29,218.12
CopyPaste(37).jpg,Copy Paste,1312,1810,0.725,408.86,244.676,26.274,-3.409,11.641,2.471,0.067,616.455,244.36,244.12,248.3
CopyPaste(38).jpg,Copy Paste,1456,2018,0.722,627.62,230.17,31.902,-2.63,6.491,3.792,0.077,638.554,230.97,229.39,232.24
CopyPaste(39).jpg,Copy Paste,1424,1980,0.719,472.31,238.631,27.369,-3.559,13.515,3.356,0.06,500.459,238.6,238.57,238.99
CopyPaste(4).jpg,Copy Paste,1472,2044,0.72,469.57,217.571,21.114,-3.772,15.911,3.469,0.041,405.629,221.81,216.45,212.72
CopyPaste(40).jpg,Copy Paste,1456,2018,0.722,484.91,209.926,20.456,-3.143,11.853,3.719,0.057,261.557,217.62,207.52,200.7
CopyPaste(41).jpg,Copy Paste,1488,2056,0.724,455.51,245.761,27.014,-3.995,16.569,2.153,0.054,424.829,245.38,245.45,248.32
CopyPaste(42).jpg,Copy Paste,1472,2045,0.72,397.63,223.674,18.864,-3.589,15.352,3.476,0.042,182.327,233.36,220.9,211.95
CopyPaste(43).jpg,Copy Paste,1456,2018,0.722,519.4,219.372,23.282,-2.908,8.959,3.749,0.063,318.552,230.43,216.2,206.51
CopyPaste(44).jpg,Copy Paste,1456,2018,0.722,405.4,223.108,18.614,-3.5,14.919,3.509,0.045,181.015,234.55,220.02,208.8
CopyPaste(45).jpg,Copy Paste,1472,2044,0.72,553.03,215.771,31.842,-2.982,8.55,3.737,0.065,494.55,218.31,214.25,217.06
CopyPaste(46).jpg,Copy Paste,1472,2058,0.715,469.62,225.533,20.81,-3.15,10.69,3.499,0.055,276.191,227.59,223.63,230.05
CopyPaste(47).jpg,Copy Paste,1488,2056,0.724,452.78,234.463,23.924,-3.798,15.363,3.185,0.05,341.956,242.72,232.62,221.96
CopyPaste(48).jpg,Copy Paste,1504,2095,0.718,571.23,225.512,31.318,-2.937,8.345,3.753,0.069,464.758,235.55,223.23,210.66
CopyPaste(49).jpg,Copy Paste,1520,2098,0.724,603.02,208.158,24.079,-2.756,9.089,3.9,0.069,480.108,212.3,206.54,205.91
CopyPaste(5).jpg,Copy Paste,1472,2044,0.72,492.03,230.314,26.629,-3.395,12.06,3.529,0.055,350.689,238.63,228.3,218.63
CopyPaste(50).jpg,Copy Paste,1488,2070,0.719,439.41,211.587,19.921,-3.559,15.086,3.614,0.048,311.385,215.85,210.21,207.79
CopyPaste(6).jpg,Copy Paste,1472,2044,0.72,564.72,231.257,29.984,-3.083,9.28,3.421,0.067,481.177,238.62,229.13,222.14
CopyPaste(7).jpg,Copy Paste,1488,2058,0.723,518.99,231.329,25.578,-3.234,10.731,3.461,0.06,392.626,239.57,228.87,221.7
CopyPaste(8).jpg,Copy Paste,1504,2084,0.722,512.56,234.032,24.653,-3.387,11.936,3.434,0.057,371.43,240.73,231.99,225.78
CopyPaste(9).jpg,Copy Paste,1488,2072,0.718,484.66,235.46,25.461,-3.735,14.863,3.253,0.058,445.458,243.08,233.72,223.41
CPBlur(1).jpg,CopyPaste+Blur,1504,2070,0.727,428.37,223.721,28.695,-3.028,8.999,3.582,0.068,460.227,233.84,220.71,212.3
CPBlur(10).jpg,CopyPaste+Blur,1504,2084,0.722,384.27,232.231,25.383,-3.644,14.294,3.382,0.059,473.42,241.19,230.26,218.31
CPBlur(11).jpg,CopyPaste+Blur,1472,2044,0.72,334.21,235.369,19.783,-3.535,14.066,3.159,0.055,279.857,243.31,233.54,223.19
CPBlur(12).jpg,CopyPaste+Blur,1488,2070,0.719,354.01,226.712,20.731,-3.39,13.26,3.473,0.059,293.507,230.26,226.4,219.77
CPBlur(13).jpg,CopyPaste+Blur,1504,2070,0.727,444.47,228.911,26.768,-2.991,9.039,3.534,0.071,541.197,238.33,226.13,218.14
CPBlur(14).jpg,CopyPaste+Blur,1472,2044,0.72,352.21,227.321,21.788,-3.729,15.192,3.313,0.055,367.239,237.85,224.44,214.2
CPBlur(15).jpg,CopyPaste+Blur,1504,2095,0.718,288.68,228.781,16.055,-4.005,20.339,3.209,0.039,172.96,232.68,228.56,220.5
CPBlur(16).jpg,CopyPaste+Blur,1504,2095,0.718,294.42,228.776,16.423,-3.749,17.368,3.269,0.046,181.782,232.68,228.46,220.96
CPBlur(17).jpg,CopyPaste+Blur,1472,2045,0.72,423.78,234.162,32.693,-3.037,9.213,3.67,0.063,466.76,235.48,232.57,238.84
CPBlur(18).jpg,CopyPaste+Blur,1472,2030,0.725,462.24,231.223,33.981,-2.672,7.231,3.913,0.072,508.349,232.19,229.38,238.14
CPBlur(19).jpg,CopyPaste+Blur,1408,1952,0.721,313.5,221.818,20.304,-3.639,15.524,3.442,0.051,277.285,223.55,220.04,226.43
CPBlur(2).jpg,CopyPaste+Blur,1488,2058,0.723,334.74,217.97,19.933,-3.817,17.391,3.474,0.034,311.983,222.42,216.86,212.69
CPBlur(20).jpg,CopyPaste+Blur,1456,2006,0.726,373.46,223.087,23.338,-3.158,11.144,3.623,0.061,345.324,224.75,221.3,227.91
CPBlur(21).jpg,CopyPaste+Blur,1488,2070,0.719,448.48,217.204,34.889,-2.677,6.568,3.885,0.07,520.076,219.75,215.44,219.58
CPBlur(22).jpg,CopyPaste+Blur,1472,2032,0.724,458.14,220.127,25.808,-2.405,5.476,3.829,0.08,396.221,221.22,218.14,227.44
CPBlur(23).jpg,CopyPaste+Blur,1440,2006,0.718,316.92,240.459,23.223,-3.24,11.708,3.233,0.052,239.483,241.54,239.03,244.96
CPBlur(24).jpg,CopyPaste+Blur,1472,2058,0.715,431.98,226.74,26.347,-3.038,9.327,3.586,0.067,455.092,236.34,224.04,215.12
CPBlur(25).jpg,CopyPaste+Blur,1472,2044,0.72,458.2,226.56,27.676,-2.815,7.715,3.622,0.073,509.465,235.76,223.85,216.07
CPBlur(26).jpg,CopyPaste+Blur,1488,2056,0.724,416.74,228.675,27.141,-3.164,10.142,3.571,0.062,360.668,238.03,226.0,217.54
CPBlur(27).jpg,CopyPaste+Blur,1504,2084,0.722,438.91,223.923,31.397,-2.886,8.117,3.82,0.069,449.581,233.79,221.46,210.27
CPBlur(28).jpg,CopyPaste+Blur,1536,2122,0.724,455.65,228.176,28.984,-2.883,8.526,3.708,0.065,363.352,235.74,225.59,220.81
CPBlur(29).jpg,CopyPaste+Blur,1536,2136,0.719,394.89,233.431,24.761,-3.157,10.203,3.406,0.056,292.429,240.6,231.33,224.37
CPBlur(3).jpg,CopyPaste+Blur,1504,2070,0.727,391.13,220.226,22.027,-3.541,14.147,3.576,0.04,425.272,224.37,219.03,216.02
CPBlur(30).jpg,CopyPaste+Blur,1472,2044,0.72,359.42,210.476,22.358,-3.44,13.984,3.628,0.053,343.161,214.7,208.91,207.73
CPBlur(31).jpg,CopyPaste+Blur,1456,2018,0.722,314.53,229.321,19.56,-3.718,15.882,3.307,0.047,250.076,234.02,228.23,223.07
CPBlur(32).jpg,CopyPaste+Blur,1408,1966,0.716,343.89,235.734,30.308,-3.227,10.954,3.584,0.045,361.687,237.57,234.57,236.85
CPBlur(33).jpg,CopyPaste+Blur,1504,2082,0.722,428.92,232.72,26.335,-2.963,8.76,3.37,0.07,441.021,240.07,230.87,222.46
CPBlur(34).jpg,CopyPaste+Blur,1472,2044,0.72,401.0,223.95,24.79,-3.127,10.364,3.569,0.064,387.773,225.97,222.03,228.45
CPBlur(35).jpg,CopyPaste+Blur,1520,2095,0.726,441.05,225.34,26.814,-3.011,8.879,3.509,0.065,598.718,228.2,223.22,228.82
CPBlur(36).jpg,CopyPaste+Blur,1472,2058,0.715,363.76,230.701,21.739,-3.827,16.439,3.433,0.055,334.49,239.96,228.3,218.2
CPBlur(37).jpg,CopyPaste+Blur,1312,1810,0.725,317.06,244.496,26.247,-3.38,11.476,2.506,0.067,603.361,244.14,243.99,247.91
CPBlur(38).jpg,CopyPaste+Blur,1456,2018,0.722,469.85,230.207,31.848,-2.626,6.492,3.739,0.077,616.545,231.12,229.35,232.24
CPBlur(39).jpg,CopyPaste+Blur,1424,1980,0.719,349.65,238.692,27.253,-3.555,13.541,3.271,0.06,483.528,238.68,238.64,238.96
CPBlur(4).jpg,CopyPaste+Blur,1472,2044,0.72,354.41,217.625,21.093,-3.76,15.863,3.431,0.041,403.183,222.11,216.39,212.84
CPBlur(40).jpg,CopyPaste+Blur,1456,2018,0.722,371.15,209.926,20.536,-3.124,11.709,3.719,0.058,265.918,217.57,207.49,200.66
CPBlur(41).jpg,CopyPaste+Blur,1488,2056,0.724,345.42,245.633,26.92,-3.98,16.509,2.187,0.054,410.967,245.2,245.36,248.02
CPBlur(42).jpg,CopyPaste+Blur,1472,2045,0.72,302.47,223.672,18.849,-3.556,15.144,3.439,0.042,179.896,233.28,220.87,211.97
CPBlur(43).jpg,CopyPaste+Blur,1456,2018,0.722,390.87,219.403,23.313,-2.899,8.91,3.72,0.065,318.406,230.48,216.19,206.62
CPBlur(44).jpg,CopyPaste+Blur,1456,2018,0.722,308.03,223.129,18.627,-3.463,14.651,3.477,0.045,179.492,234.59,219.98,208.94
CPBlur(45).jpg,CopyPaste+Blur,1472,2044,0.72,405.8,215.788,31.792,-2.974,8.529,3.71,0.065,488.561,218.51,214.14,217.08
CPBlur(46).jpg,CopyPaste+Blur,1472,2058,0.715,357.13,225.559,20.811,-3.136,10.614,3.472,0.055,273.317,227.8,223.52,230.07
CPBlur(47).jpg,CopyPaste+Blur,1488,2056,0.724,339.48,234.507,23.865,-3.798,15.383,3.09,0.05,335.532,242.68,232.65,222.08
CPBlur(48).jpg,CopyPaste+Blur,1504,2095,0.718,428.1,225.514,31.326,-2.929,8.306,3.71,0.069,459.101,235.49,223.23,210.78
CPBlur(49).jpg,CopyPaste+Blur,1520,2098,0.724,449.21,208.2,24.027,-2.749,9.082,3.881,0.07,475.483,212.52,206.48,206.07
CPBlur(5).jpg,CopyPaste+Blur,1472,2044,0.72,369.9,230.388,26.571,-3.395,12.074,3.456,0.055,345.381,238.62,228.36,218.77
CPBlur(50).jpg,CopyPaste+Blur,1488,2070,0.719,338.95,211.631,19.899,-3.54,14.983,3.589,0.049,308.705,216.09,210.14,208.05
CPBlur(6).jpg,CopyPaste+Blur,1472,2044,0.72,420.45,231.273,29.965,-3.08,9.268,3.335,0.067,475.431,238.53,229.16,222.16
CPBlur(7).jpg,CopyPaste+Blur,1488,2058,0.723,386.86,231.406,25.466,-3.24,10.805,3.392,0.06,386.172,239.58,228.94,221.76
CPBlur(8).jpg,CopyPaste+Blur,1504,2084,0.722,383.5,234.073,24.562,-3.386,11.963,3.353,0.057,364.168,240.76,232.03,225.79
CPBlur(9).jpg,CopyPaste+Blur,1488,2072,0.718,360.23,235.468,25.435,-3.729,14.829,3.143,0.058,441.444,243.0,233.75,223.42
CPInsertion(1).jpg,CopyPaste+Insertion,1504,2070,0.727,435.31,223.675,28.681,-3.04,9.059,3.635,0.068,467.09,233.83,220.68,212.14
CPInsertion(10).jpg,CopyPaste+Insertion,1504,2084,0.722,399.44,232.187,25.404,-3.651,14.346,3.438,0.059,473.894,241.22,230.22,218.2
CPInsertion(11).jpg,CopyPaste+Insertion,1472,2044,0.72,339.76,235.338,19.838,-3.547,14.136,3.232,0.055,284.135,243.35,233.52,223.12
CPInsertion(12).jpg,CopyPaste+Insertion,1488,2070,0.719,360.36,226.65,20.729,-3.406,13.356,3.517,0.058,296.698,230.12,226.29,219.7
CPInsertion(13).jpg,CopyPaste+Insertion,1504,2070,0.727,456.36,228.846,26.813,-2.996,9.046,3.588,0.072,548.257,238.31,226.07,217.99
CPInsertion(14).jpg,CopyPaste+Insertion,1472,2044,0.72,353.49,227.227,21.828,-3.737,15.226,3.382,0.055,374.047,237.76,224.38,213.99
CPInsertion(15).jpg,CopyPaste+Insertion,1504,2095,0.718,290.49,228.709,16.088,-4.033,20.547,3.266,0.039,176.093,232.54,228.42,220.45
CPInsertion(16).jpg,CopyPaste+Insertion,1504,2095,0.718,296.28,228.701,16.445,-3.781,17.61,3.329,0.046,184.137,232.55,228.31,220.87
CPInsertion(17).jpg,CopyPaste+Insertion,1472,2045,0.72,450.96,234.124,32.743,-3.046,9.242,3.718,0.064,473.742,235.35,232.59,238.79
CPInsertion(18).jpg,CopyPaste+Insertion,1472,2030,0.725,492.51,231.165,34.02,-2.679,7.255,3.96,0.072,514.23,232.05,229.37,238.08
CPInsertion(19).jpg,CopyPaste+Insertion,1408,1952,0.721,387.26,221.803,20.276,-3.662,15.712,3.473,0.051,279.262,223.37,220.14,226.38
CPInsertion(2).jpg,CopyPaste+Insertion,1488,2058,0.723,343.57,217.894,19.972,-3.828,17.419,3.504,0.033,314.565,222.13,216.87,212.55
CPInsertion(20).jpg,CopyPaste+Insertion,1456,2006,0.726,385.49,223.024,23.37,-3.172,11.223,3.647,0.061,351.13,224.52,221.35,227.84
CPInsertion(21).jpg,CopyPaste+Insertion,1488,2070,0.719,483.83,217.205,34.91,-2.685,6.593,3.902,0.07,529.507,219.57,215.57,219.55
CPInsertion(22).jpg,CopyPaste+Insertion,1472,2032,0.724,476.09,220.064,25.813,-2.409,5.488,3.848,0.08,401.16,221.04,218.17,227.37
CPInsertion(23).jpg,CopyPaste+Insertion,1440,2006,0.718,325.13,240.407,23.237,-3.264,11.874,3.314,0.053,242.974,241.41,239.02,244.88
CPInsertion(24).jpg,CopyPaste+Insertion,1472,2058,0.715,440.8,226.691,26.328,-3.048,9.378,3.624,0.067,459.586,236.33,224.01,214.94
CPInsertion(25).jpg,CopyPaste+Insertion,1472,2044,0.72,459.52,226.501,27.674,-2.82,7.741,3.666,0.073,514.409,235.74,223.8,215.9
CPInsertion(26).jpg,CopyPaste+Insertion,1488,2056,0.724,422.66,228.624,27.145,-3.17,10.171,3.611,0.063,365.752,238.04,225.95,217.39
CPInsertion(27).jpg,CopyPaste+Insertion,1504,2084,0.722,457.9,223.893,31.381,-2.895,8.163,3.85,0.069,451.591,233.82,221.44,210.15
CPInsertion(28).jpg,CopyPaste+Insertion,1536,2122,0.724,463.44,228.149,28.986,-2.889,8.554,3.751,0.066,367.147,235.79,225.58,220.76
CPInsertion(29).jpg,CopyPaste+Insertion,1536,2136,0.719,399.26,233.402,24.845,-3.166,10.26,3.471,0.056,299.017,240.62,231.32,224.34
CPInsertion(3).jpg,CopyPaste+Insertion,1504,2070,0.727,401.89,220.203,22.028,-3.555,14.224,3.599,0.04,425.553,224.14,219.11,215.92
CPInsertion(30).jpg,CopyPaste+Insertion,1472,2044,0.72,364.5,210.438,22.363,-3.46,14.098,3.657,0.053,346.128,214.49,208.98,207.51
CPInsertion(31).jpg,CopyPaste+Insertion,1456,2018,0.722,319.43,229.25,19.55,-3.742,16.07,3.358,0.046,251.982,233.72,228.24,222.94
CPInsertion(32).jpg,CopyPaste+Insertion,1408,1966,0.716,378.4,235.7,30.311,-3.239,11.018,3.641,0.045,369.801,237.42,234.6,236.83
CPInsertion(33).jpg,CopyPaste+Insertion,1504,2082,0.722,436.9,232.681,26.392,-2.965,8.759,3.45,0.071,448.383,240.08,230.86,222.36
CPInsertion(34).jpg,CopyPaste+Insertion,1472,2044,0.72,413.61,223.893,24.781,-3.135,10.413,3.598,0.064,391.416,225.73,222.11,228.4
CPInsertion(35).jpg,CopyPaste+Insertion,1520,2095,0.726,448.45,225.285,26.845,-3.023,8.937,3.564,0.065,620.05,228.07,223.23,228.75
CPInsertion(36).jpg,CopyPaste+Insertion,1472,2058,0.715,371.34,230.657,21.733,-3.844,16.566,3.479,0.055,340.674,239.99,228.26,218.09
CPInsertion(37).jpg,CopyPaste+Insertion,1312,1810,0.725,327.42,244.553,26.334,-3.408,11.651,2.533,0.068,626.527,244.26,244.05,247.8
CPInsertion(38).jpg,CopyPaste+Insertion,1456,2018,0.722,485.26,230.131,31.925,-2.627,6.475,3.79,0.077,637.653,230.95,229.36,232.13
CPInsertion(39).jpg,CopyPaste+Insertion,1424,1980,0.719,365.38,238.575,27.355,-3.563,13.543,3.376,0.06,502.155,238.54,238.53,238.86
CPInsertion(4).jpg,CopyPaste+Insertion,1472,2044,0.72,361.39,217.567,21.101,-3.776,15.954,3.468,0.041,404.052,221.81,216.44,212.72
CPInsertion(40).jpg,CopyPaste+Insertion,1456,2018,0.722,384.05,209.903,20.504,-3.142,11.838,3.722,0.057,263.522,217.6,207.51,200.69
CPInsertion(41).jpg,CopyPaste+Insertion,1488,2056,0.724,365.2,245.66,27.075,-3.989,16.504,2.217,0.054,435.794,245.3,245.38,247.95
CPInsertion(42).jpg,CopyPaste+Insertion,1472,2045,0.72,308.89,223.66,18.903,-3.589,15.342,3.476,0.042,184.467,233.38,220.88,211.94
CPInsertion(43).jpg,CopyPaste+Insertion,1456,2018,0.722,399.79,219.368,23.286,-2.909,8.968,3.748,0.063,318.757,230.41,216.21,206.5
CPInsertion(44).jpg,CopyPaste+Insertion,1456,2018,0.722,315.07,223.098,18.655,-3.502,14.928,3.509,0.045,182.18,234.52,220.02,208.78
CPInsertion(45).jpg,CopyPaste+Insertion,1472,2044,0.72,436.06,215.776,31.852,-2.982,8.555,3.735,0.065,497.564,218.31,214.26,217.06
CPInsertion(46).jpg,CopyPaste+Insertion,1472,2058,0.715,367.56,225.5,20.851,-3.154,10.716,3.507,0.055,278.361,227.56,223.6,230.01
CPInsertion(47).jpg,CopyPaste+Insertion,1488,2056,0.724,346.09,234.443,23.935,-3.795,15.335,3.18,0.05,342.157,242.69,232.61,221.94
CPInsertion(48).jpg,CopyPaste+Insertion,1504,2095,0.718,444.53,225.492,31.291,-2.941,8.371,3.754,0.069,462.134,235.53,223.21,210.63
CPInsertion(49).jpg,CopyPaste+Insertion,1520,2098,0.724,463.25,208.176,24.035,-2.761,9.134,3.898,0.069,476.217,212.32,206.56,205.91
CPInsertion(5).jpg,CopyPaste+Insertion,1472,2044,0.72,376.6,230.305,26.626,-3.397,12.08,3.527,0.055,351.049,238.62,228.29,218.61
CPInsertion(50).jpg,CopyPaste+Insertion,1488,2070,0.719,348.37,211.563,19.959,-3.557,15.056,3.62,0.048,311.949,215.83,210.18,207.79
CPInsertion(6).jpg,CopyPaste+Insertion,1472,2044,0.72,430.54,231.253,29.972,-3.087,9.307,3.414,0.067,480.953,238.59,229.14,222.14
CPInsertion(7).jpg,CopyPaste+Insertion,1488,2058,0.723,398.2,231.32,25.568,-3.234,10.735,3.458,0.06,393.269,239.56,228.86,221.69
CPInsertion(8).jpg,CopyPaste+Insertion,1504,2084,0.722,390.54,234.052,24.604,-3.395,12.009,3.427,0.057,369.744,240.74,232.03,225.78
CPInsertion(9).jpg,CopyPaste+Insertion,1488,2072,0.718,371.35,235.432,25.492,-3.735,14.857,3.246,0.058,445.56,243.01,233.72,223.39
CPNoise(1).jpg,CopyPaste+Noise,1504,2070,0.727,431.36,223.714,28.757,-3.027,8.981,3.584,0.068,483.462,233.83,220.71,212.3
CPNoise(10).jpg,CopyPaste+Noise,1504,2084,0.722,393.13,232.208,25.429,-3.639,14.252,3.385,0.059,487.008,241.16,230.24,218.29
CPNoise(11).jpg,CopyPaste+Noise,1472,2044,0.72,337.91,235.357,19.868,-3.538,14.075,3.163,0.055,304.136,243.29,233.53,223.18
CPNoise(12).jpg,CopyPaste+Noise,1488,2070,0.719,357.79,226.7,20.821,-3.388,13.236,3.475,0.059,327.774,230.25,226.38,219.76
CPNoise(13).jpg,CopyPaste+Noise,1504,2070,0.727,447.84,228.902,26.853,-2.988,9.005,3.535,0.072,561.748,238.31,226.13,218.14
CPNoise(14).jpg,CopyPaste+Noise,1472,2044,0.72,359.47,227.258,21.938,-3.704,14.995,3.328,0.056,411.163,237.76,224.38,214.17
CPNoise(15).jpg,CopyPaste+Noise,1504,2095,0.718,291.55,228.794,16.116,-4.006,20.344,3.212,0.04,194.908,232.7,228.58,220.51
CPNoise(16).jpg,CopyPaste+Noise,1504,2095,0.718,301.8,228.766,16.569,-3.75,17.407,3.279,0.048,236.284,232.67,228.45,220.96
CPNoise(17).jpg,CopyPaste+Noise,1472,2045,0.72,426.51,234.166,32.757,-3.04,9.216,3.669,0.064,484.414,235.49,232.57,238.84
CPNoise(18).jpg,CopyPaste+Noise,1472,2030,0.725,465.23,231.201,34.06,-2.67,7.21,3.913,0.073,528.412,232.17,229.36,238.12
CPNoise(19).jpg,CopyPaste+Noise,1408,1952,0.721,318.49,221.79,20.436,-3.625,15.425,3.451,0.052,321.648,223.52,220.01,226.41
CPNoise(2).jpg,CopyPaste+Noise,1488,2058,0.723,338.65,217.957,20.041,-3.806,17.253,3.476,0.035,337.156,222.4,216.84,212.69
CPNoise(20).jpg,CopyPaste+Noise,1456,2006,0.726,377.7,223.079,23.406,-3.154,11.122,3.628,0.062,382.72,224.74,221.29,227.9
CPNoise(21).jpg,CopyPaste+Noise,1488,2070,0.719,453.12,217.211,34.99,-2.675,6.549,3.887,0.071,553.046,219.76,215.45,219.58
CPNoise(22).jpg,CopyPaste+Noise,1472,2032,0.724,460.83,220.124,25.849,-2.402,5.459,3.832,0.08,415.123,221.22,218.14,227.44
CPNoise(23).jpg,CopyPaste+Noise,1440,2006,0.718,319.33,240.468,23.281,-3.249,11.771,3.231,0.053,257.583,241.55,239.04,244.95
CPNoise(24).jpg,CopyPaste+Noise,1472,2058,0.715,434.44,226.727,26.409,-3.036,9.309,3.587,0.068,474.463,236.32,224.03,215.11
CPNoise(25).jpg,CopyPaste+Noise,1472,2044,0.72,454.46,226.563,27.709,-2.814,7.711,3.624,0.074,529.206,235.76,223.86,216.08
CPNoise(26).jpg,CopyPaste+Noise,1488,2056,0.724,418.0,228.691,27.141,-3.166,10.156,3.571,0.063,371.481,238.05,226.02,217.55
CPNoise(27).jpg,CopyPaste+Noise,1504,2084,0.722,442.34,223.918,31.447,-2.884,8.108,3.822,0.07,476.134,233.78,221.46,210.27
CPNoise(28).jpg,CopyPaste+Noise,1536,2122,0.724,458.62,228.172,29.034,-2.881,8.5,3.709,0.066,382.099,235.74,225.59,220.8
CPNoise(29).jpg,CopyPaste+Noise,1536,2136,0.719,400.94,233.408,24.856,-3.156,10.191,3.41,0.057,326.454,240.56,231.31,224.36
CPNoise(3).jpg,CopyPaste+Noise,1504,2070,0.727,395.59,220.228,22.09,-3.531,14.083,3.581,0.041,463.344,224.37,219.04,216.02
CPNoise(30).jpg,CopyPaste+Noise,1472,2044,0.72,358.52,210.459,22.507,-3.429,13.871,3.634,0.055,383.24,214.68,208.89,207.72
CPNoise(31).jpg,CopyPaste+Noise,1456,2018,0.722,317.29,229.313,19.627,-3.717,15.856,3.309,0.048,269.901,234.02,228.22,223.07
CPNoise(32).jpg,CopyPaste+Noise,1408,1966,0.716,345.92,235.718,30.364,-3.225,10.934,3.585,0.045,376.341,237.56,234.56,236.84
CPNoise(33).jpg,CopyPaste+Noise,1504,2082,0.722,431.58,232.707,26.38,-2.96,8.737,3.373,0.071,456.287,240.05,230.86,222.46
CPNoise(34).jpg,CopyPaste+Noise,1472,2044,0.72,392.62,223.945,24.82,-3.123,10.351,3.572,0.065,414.587,225.98,222.02,228.48
CPNoise(35).jpg,CopyPaste+Noise,1520,2095,0.726,444.86,225.345,26.87,-3.008,8.86,3.511,0.066,627.943,228.21,223.23,228.82
CPNoise(36).jpg,CopyPaste+Noise,1472,2058,0.715,366.28,230.698,21.807,-3.827,16.425,3.434,0.056,353.988,239.95,228.3,218.2
CPNoise(37).jpg,CopyPaste+Noise,1312,1810,0.725,320.08,244.467,26.303,-3.376,11.447,2.509,0.068,627.063,244.11,243.96,247.88
CPNoise(38).jpg,CopyPaste+Noise,1456,2018,0.722,471.9,230.172,31.911,-2.623,6.47,3.741,0.077,629.166,231.08,229.31,232.22
CPNoise(39).jpg,CopyPaste+Noise,1424,1980,0.719,355.74,238.608,27.401,-3.545,13.447,3.281,0.061,524.023,238.6,238.55,238.9
CPNoise(4).jpg,CopyPaste+Noise,1472,2044,0.72,355.81,217.637,21.134,-3.759,15.846,3.431,0.042,413.895,222.12,216.4,212.84
CPNoise(40).jpg,CopyPaste+Noise,1456,2018,0.722,372.29,209.945,20.549,-3.127,11.76,3.72,0.058,282.504,217.59,207.51,200.67
CPNoise(41).jpg,CopyPaste+Noise,1488,2056,0.724,347.5,245.62,26.987,-3.979,16.483,2.188,0.054,422.883,245.19,245.34,248.0
CPNoise(42).jpg,CopyPaste+Noise,1472,2045,0.72,304.42,223.72,18.929,-3.574,15.253,3.436,0.043,198.195,233.34,220.92,212.0
CPNoise(43).jpg,CopyPaste+Noise,1456,2018,0.722,395.59,219.389,23.379,-2.89,8.867,3.726,0.066,360.115,230.46,216.17,206.62
CPNoise(44).jpg,CopyPaste+Noise,1456,2018,0.722,310.64,223.13,18.719,-3.478,14.747,3.478,0.046,200.317,234.59,219.98,208.94
CPNoise(45).jpg,CopyPaste+Noise,1472,2044,0.72,411.4,215.762,31.967,-2.966,8.464,3.714,0.066,528.777,218.48,214.11,217.05
CPNoise(46).jpg,CopyPaste+Noise,1472,2058,0.715,360.04,225.557,20.898,-3.139,10.619,3.473,0.056,289.861,227.8,223.52,230.07
CPNoise(47).jpg,CopyPaste+Noise,1488,2056,0.724,341.81,234.496,23.918,-3.795,15.352,3.092,0.05,349.518,242.67,232.64,222.08
CPNoise(48).jpg,CopyPaste+Noise,1504,2095,0.718,430.58,225.518,31.356,-2.932,8.318,3.711,0.069,473.581,235.49,223.23,210.78
CPNoise(49).jpg,CopyPaste+Noise,1520,2098,0.724,457.2,208.189,24.165,-2.735,8.994,3.888,0.072,542.719,212.51,206.47,206.06
CPNoise(5).jpg,CopyPaste+Noise,1472,2044,0.72,373.91,230.325,26.696,-3.385,11.991,3.463,0.056,367.048,238.55,228.3,218.74
CPNoise(50).jpg,CopyPaste+Noise,1488,2070,0.719,343.99,211.632,20.021,-3.531,14.919,3.592,0.05,351.79,216.09,210.14,208.04
CPNoise(6).jpg,CopyPaste+Noise,1472,2044,0.72,422.24,231.267,29.983,-3.079,9.263,3.338,0.067,487.749,238.53,229.15,222.16
CPNoise(7).jpg,CopyPaste+Noise,1488,2058,0.723,398.51,231.388,25.557,-3.234,10.756,3.398,0.061,420.248,239.55,228.92,221.75
CPNoise(8).jpg,CopyPaste+Noise,1504,2084,0.722,392.87,234.061,24.66,-3.383,11.922,3.353,0.058,381.011,240.75,232.02,225.79
CPNoise(9).jpg,CopyPaste+Noise,1488,2072,0.718,369.94,235.424,25.533,-3.72,14.74,3.146,0.059,460.574,242.96,233.71,223.38
Insertion(1).jpg,Insertion,1504,2070,0.727,453.07,223.63,28.775,-3.036,9.029,3.631,0.068,474.45,233.73,220.65,212.15
Insertion(10).jpg,Insertion,1504,2084,0.722,412.95,232.152,25.512,-3.639,14.219,3.44,0.059,482.011,241.16,230.19,218.18
Insertion(11).jpg,Insertion,1472,2044,0.72,351.31,235.316,19.912,-3.536,14.016,3.234,0.055,288.331,243.31,233.49,223.13
Insertion(12).jpg,Insertion,1488,2070,0.719,373.01,226.652,20.73,-3.409,13.389,3.511,0.058,297.966,230.1,226.32,219.63
Insertion(13).jpg,Insertion,1504,2070,0.727,474.04,228.845,26.852,-2.993,9.025,3.585,0.072,551.708,238.29,226.07,218.03
Insertion(14).jpg,Insertion,1472,2044,0.72,366.13,227.241,21.805,-3.737,15.235,3.373,0.055,373.206,237.74,224.4,214.05
Insertion(15).jpg,Insertion,1504,2095,0.718,298.97,228.71,16.099,-4.046,20.682,3.258,0.039,177.057,232.53,228.45,220.36
Insertion(16).jpg,Insertion,1504,2095,0.718,307.26,228.669,16.539,-3.783,17.569,3.325,0.046,188.301,232.51,228.31,220.74
Insertion(17).jpg,Insertion,1472,2045,0.72,461.13,234.117,32.761,-3.041,9.208,3.716,0.064,477.189,235.33,232.56,238.88
Insertion(18).jpg,Insertion,1472,2030,0.725,504.57,231.162,34.051,-2.677,7.234,3.959,0.072,518.204,232.04,229.35,238.17
Insertion(19).jpg,Insertion,1408,1952,0.721,331.48,221.736,20.441,-3.648,15.5,3.475,0.052,287.109,223.29,220.07,226.35
Insertion(2).jpg,Insertion,1488,2058,0.723,355.24,217.91,19.955,-3.832,17.456,3.497,0.033,313.327,222.14,216.89,212.54
Insertion(20).jpg,Insertion,1456,2006,0.726,396.69,223.027,23.378,-3.169,11.191,3.644,0.061,351.431,224.51,221.34,227.86
Insertion(21).jpg,Insertion,1488,2070,0.719,497.2,217.146,34.996,-2.676,6.536,3.902,0.07,537.407,219.52,215.49,219.51
Insertion(22).jpg,Insertion,1472,2032,0.724,491.68,220.088,25.791,-2.411,5.499,3.844,0.079,399.53,221.04,218.19,227.42
Insertion(23).jpg,Insertion,1440,2006,0.718,332.97,240.393,23.283,-3.257,11.799,3.312,0.053,246.591,241.4,238.99,244.96
Insertion(24).jpg,Insertion,1472,2058,0.715,457.85,226.675,26.372,-3.042,9.338,3.62,0.067,462.818,236.28,224.0,214.96
Insertion(25).jpg,Insertion,1472,2044,0.72,478.74,226.497,27.704,-2.818,7.723,3.661,0.074,517.216,235.71,223.8,215.93
Insertion(26).jpg,Insertion,1488,2056,0.724,435.36,228.648,27.139,-3.172,10.191,3.609,0.063,366.64,238.04,225.98,217.43
Insertion(27).jpg,Insertion,1504,2084,0.722,473.01,223.857,31.473,-2.889,8.123,3.847,0.07,460.145,233.74,221.42,210.15
Insertion(28).jpg,Insertion,1536,2122,0.724,479.74,228.143,29.009,-2.886,8.53,3.748,0.066,368.566,235.74,225.59,220.77
Insertion(29).jpg,Insertion,1536,2136,0.719,412.38,233.396,24.872,-3.161,10.206,3.469,0.057,302.007,240.61,231.29,224.37
Insertion(3).jpg,Insertion,1504,2070,0.727,417.1,220.197,22.051,-3.553,14.197,3.597,0.04,426.469,224.12,219.11,215.91
Insertion(30).jpg,Insertion,1472,2044,0.72,379.17,210.394,22.466,-3.452,13.98,3.654,0.053,351.524,214.44,208.93,207.48
Insertion(31).jpg,Insertion,1456,2018,0.722,331.06,229.234,19.584,-3.731,15.942,3.352,0.046,253.496,233.69,228.24,222.87
Insertion(32).jpg,Insertion,1408,1966,0.716,381.27,235.667,30.377,-3.233,10.96,3.642,0.045,374.194,237.42,234.54,236.83
Insertion(33).jpg,Insertion,1504,2082,0.722,452.43,232.668,26.436,-2.958,8.706,3.452,0.071,451.836,240.07,230.83,222.39
Insertion(34).jpg,Insertion,1472,2044,0.72,426.92,223.875,24.817,-3.131,10.373,3.595,0.065,393.951,225.7,222.08,228.41
Insertion(35).jpg,Insertion,1520,2095,0.726,468.06,225.259,26.915,-3.021,8.918,3.559,0.065,625.793,228.02,223.2,228.78
Insertion(36).jpg,Insertion,1472,2058,0.715,385.98,230.595,21.916,-3.833,16.424,3.479,0.055,349.843,239.87,228.22,218.08
Insertion(37).jpg,Insertion,1312,1810,0.725,330.0,244.6,26.38,-3.405,11.617,2.497,0.068,623.545,244.29,244.05,248.17
Insertion(38).jpg,Insertion,1456,2018,0.722,503.1,230.141,31.941,-2.628,6.48,3.789,0.077,641.247,230.94,229.36,232.21
Insertion(39).jpg,Insertion,1424,1980,0.719,374.41,238.559,27.399,-3.56,13.503,3.375,0.06,505.834,238.51,238.51,238.9
Insertion(4).jpg,Insertion,1472,2044,0.72,375.49,217.577,21.077,-3.773,15.934,3.462,0.041,402.552,221.8,216.45,212.72
Insertion(40).jpg,Insertion,1456,2018,0.722,396.96,209.876,20.549,-3.134,11.743,3.721,0.057,265.726,217.53,207.49,200.67
Insertion(41).jpg,Insertion,1488,2056,0.724,366.41,245.695,27.094,-3.983,16.447,2.177,0.054,431.162,245.31,245.39,248.21
Insertion(42).jpg,Insertion,1472,2045,0.72,318.28,223.643,18.966,-3.596,15.38,3.472,0.042,186.52,233.24,220.91,211.95
Insertion(43).jpg,Insertion,1456,2018,0.722,413.5,219.365,23.306,-2.911,8.983,3.746,0.063,319.808,230.37,216.22,206.52
Insertion(44).jpg,Insertion,1456,2018,0.722,324.78,223.054,18.787,-3.511,14.975,3.507,0.045,188.297,234.43,219.99,208.82
Insertion(45).jpg,Insertion,1472,2044,0.72,445.79,215.758,31.917,-2.982,8.554,3.732,0.065,501.821,218.3,214.23,217.06
Insertion(46).jpg,Insertion,1472,2058,0.715,380.13,225.456,20.949,-3.151,10.678,3.505,0.055,283.432,227.49,223.55,230.03
Insertion(47).jpg,Insertion,1488,2056,0.724,355.58,234.469,23.927,-3.802,15.401,3.177,0.05,342.543,242.69,232.64,221.99
Insertion(48).jpg,Insertion,1504,2095,0.718,458.92,225.473,31.356,-2.939,8.355,3.75,0.069,466.897,235.48,223.2,210.64
Insertion(49).jpg,Insertion,1520,2098,0.724,482.0,208.193,24.023,-2.764,9.156,3.894,0.069,476.159,212.34,206.58,205.92
Insertion(5).jpg,Insertion,1472,2044,0.72,389.38,230.307,26.648,-3.396,12.078,3.525,0.055,353.726,238.57,228.31,218.64
Insertion(50).jpg,Insertion,1488,2070,0.719,360.57,211.564,19.957,-3.557,15.044,3.616,0.048,311.917,215.82,210.19,207.78
Insertion(6).jpg,Insertion,1472,2044,0.72,446.59,231.236,30.026,-3.079,9.251,3.416,0.067,485.127,238.58,229.11,222.13
Insertion(7).jpg,Insertion,1488,2058,0.723,413.0,231.282,25.671,-3.225,10.649,3.458,0.061,399.763,239.48,228.83,221.68
Insertion(8).jpg,Insertion,1504,2084,0.722,403.94,234.053,24.627,-3.393,11.986,3.426,0.057,370.873,240.75,232.02,225.78
Insertion(9).jpg,Insertion,1488,2072,0.718,382.92,235.405,25.605,-3.731,14.814,3.249,0.058,453.285,243.02,233.66,223.37
InsBlur(1).jpg,Insertion+Blur,1504,2070,0.727,425.54,223.653,28.681,-3.042,9.083,3.638,0.068,463.289,233.75,220.66,212.23
InsBlur(10).jpg,Insertion+Blur,1504,2084,0.722,377.95,232.222,25.38,-3.647,14.344,3.396,0.059,471.154,241.19,230.24,218.33
InsBlur(11).jpg,Insertion+Blur,1472,2044,0.72,329.67,235.387,19.818,-3.547,14.189,3.169,0.054,280.039,243.35,233.53,223.25
InsBlur(12).jpg,Insertion+Blur,1488,2070,0.719,352.67,226.662,20.728,-3.409,13.404,3.514,0.058,295.262,230.16,226.36,219.62
InsBlur(13).jpg,Insertion+Blur,1504,2070,0.727,438.21,228.856,26.829,-2.995,9.062,3.553,0.071,545.016,238.27,226.08,218.1
InsBlur(14).jpg,Insertion+Blur,1472,2044,0.72,356.82,227.232,21.77,-3.746,15.332,3.379,0.055,368.391,237.71,224.38,214.11
InsBlur(15).jpg,Insertion+Blur,1504,2095,0.718,289.38,228.749,16.063,-4.035,20.565,3.244,0.039,173.73,232.62,228.53,220.34
InsBlur(16).jpg,Insertion+Blur,1504,2095,0.718,294.49,228.722,16.42,-3.786,17.685,3.319,0.046,181.94,232.6,228.4,220.8
InsBlur(17).jpg,Insertion+Blur,1472,2045,0.72,424.21,234.108,32.701,-3.053,9.306,3.713,0.064,470.87,235.34,232.57,238.77
InsBlur(18).jpg,Insertion+Blur,1472,2030,0.725,462.83,231.129,33.986,-2.684,7.294,3.968,0.072,512.144,232.03,229.33,238.01
InsBlur(19).jpg,Insertion+Blur,1408,1952,0.721,311.89,221.892,20.296,-3.655,15.674,3.447,0.051,277.781,223.47,220.21,226.48
InsBlur(2).jpg,Insertion+Blur,1488,2058,0.723,334.2,217.965,19.983,-3.829,17.478,3.49,0.033,315.503,222.4,216.86,212.64
InsBlur(20).jpg,Insertion+Blur,1456,2006,0.726,371.65,223.085,23.351,-3.173,11.254,3.634,0.061,348.678,224.59,221.39,227.92
InsBlur(21).jpg,Insertion+Blur,1488,2070,0.719,447.77,217.253,34.906,-2.688,6.622,3.896,0.07,531.004,219.65,215.57,219.63
InsBlur(22).jpg,Insertion+Blur,1472,2032,0.724,456.32,220.128,25.799,-2.416,5.543,3.842,0.079,401.95,221.1,218.22,227.43
InsBlur(23).jpg,Insertion+Blur,1440,2006,0.718,321.04,240.339,23.204,-3.261,11.865,3.335,0.052,241.161,241.36,238.95,244.8
InsBlur(24).jpg,Insertion+Blur,1472,2058,0.715,428.01,226.677,26.353,-3.049,9.407,3.618,0.067,457.15,236.27,224.0,215.01
InsBlur(25).jpg,Insertion+Blur,1472,2044,0.72,447.23,226.488,27.703,-2.821,7.758,3.645,0.073,512.17,235.68,223.79,215.98
InsBlur(26).jpg,Insertion+Blur,1488,2056,0.724,411.85,228.651,27.112,-3.173,10.219,3.589,0.062,358.061,238.01,225.98,217.5
InsBlur(27).jpg,Insertion+Blur,1504,2084,0.722,433.81,223.896,31.345,-2.896,8.189,3.846,0.069,445.033,233.76,221.44,210.24
InsBlur(28).jpg,Insertion+Blur,1536,2122,0.724,452.23,228.159,29.01,-2.889,8.564,3.724,0.065,366.234,235.74,225.57,220.79
InsBlur(29).jpg,Insertion+Blur,1536,2136,0.719,391.21,233.461,24.798,-3.166,10.267,3.415,0.056,293.441,240.65,231.33,224.44
InsBlur(3).jpg,Insertion+Blur,1504,2070,0.727,387.44,220.301,22.034,-3.554,14.241,3.581,0.04,424.62,224.43,219.12,216.04
InsBlur(30).jpg,Insertion+Blur,1472,2044,0.72,352.52,210.467,22.387,-3.458,14.091,3.648,0.053,347.968,214.66,208.94,207.61
InsBlur(31).jpg,Insertion+Blur,1456,2018,0.722,315.61,229.225,19.575,-3.734,16.022,3.374,0.046,253.442,233.94,228.12,222.94
InsBlur(32).jpg,Insertion+Blur,1408,1966,0.716,347.93,235.597,30.346,-3.239,11.025,3.657,0.045,372.773,237.36,234.47,236.75
InsBlur(33).jpg,Insertion+Blur,1504,2082,0.722,423.36,232.704,26.396,-2.964,8.775,3.381,0.07,443.661,240.06,230.84,222.48
InsBlur(34).jpg,Insertion+Blur,1472,2044,0.72,399.61,223.932,24.767,-3.142,10.48,3.59,0.064,391.33,225.79,222.1,228.47
InsBlur(35).jpg,Insertion+Blur,1520,2095,0.726,440.87,225.267,26.812,-3.021,8.942,3.577,0.065,603.206,228.1,223.17,228.71
InsBlur(36).jpg,Insertion+Blur,1472,2058,0.715,360.56,230.655,21.784,-3.844,16.596,3.454,0.055,338.062,239.91,228.25,218.18
InsBlur(37).jpg,Insertion+Blur,1312,1810,0.725,314.1,244.471,26.225,-3.388,11.549,2.547,0.067,602.392,244.13,243.99,247.76
InsBlur(38).jpg,Insertion+Blur,1456,2018,0.722,467.93,230.206,31.903,-2.631,6.518,3.75,0.077,622.316,231.03,229.4,232.19
InsBlur(39).jpg,Insertion+Blur,1424,1980,0.719,355.57,238.528,27.277,-3.57,13.624,3.397,0.06,491.226,238.48,238.5,238.79
InsBlur(4).jpg,Insertion+Blur,1472,2044,0.72,351.53,217.654,21.092,-3.77,15.953,3.443,0.041,404.017,222.13,216.42,212.83
InsBlur(40).jpg,Insertion+Blur,1456,2018,0.722,367.25,209.954,20.524,-3.147,11.906,3.721,0.057,265.918,217.62,207.53,200.64
InsBlur(41).jpg,Insertion+Blur,1488,2056,0.724,343.66,245.616,26.95,-3.989,16.581,2.217,0.054,417.678,245.2,245.36,247.91
InsBlur(42).jpg,Insertion+Blur,1472,2045,0.72,306.95,223.728,18.915,-3.594,15.406,3.445,0.042,184.331,233.35,220.93,212.06
InsBlur(43).jpg,Insertion+Blur,1456,2018,0.722,392.71,219.421,23.338,-2.908,8.961,3.728,0.064,319.712,230.42,216.26,206.63
InsBlur(44).jpg,Insertion+Blur,1456,2018,0.722,306.11,223.174,18.659,-3.498,14.924,3.481,0.045,181.413,234.55,220.09,208.98
InsBlur(45).jpg,Insertion+Blur,1472,2044,0.72,404.53,215.852,31.899,-2.981,8.558,3.715,0.065,502.304,218.43,214.28,217.2
InsBlur(46).jpg,Insertion+Blur,1472,2058,0.715,358.53,225.507,20.857,-3.158,10.782,3.504,0.055,278.083,227.57,223.57,230.05
InsBlur(47).jpg,Insertion+Blur,1488,2056,0.724,336.69,234.506,23.932,-3.799,15.397,3.101,0.05,338.039,242.7,232.63,222.12
InsBlur(48).jpg,Insertion+Blur,1504,2095,0.718,423.3,225.494,31.284,-2.941,8.386,3.736,0.068,457.011,235.47,223.22,210.73
InsBlur(49).jpg,Insertion+Blur,1520,2098,0.724,443.51,208.255,24.033,-2.765,9.171,3.885,0.069,475.051,212.56,206.57,206.02
InsBlur(5).jpg,Insertion+Blur,1472,2044,0.72,367.38,230.346,26.615,-3.396,12.1,3.479,0.055,346.963,238.59,228.31,218.75
InsBlur(50).jpg,Insertion+Blur,1488,2070,0.719,338.23,211.621,19.929,-3.562,15.117,3.61,0.048,309.459,216.06,210.17,207.88
InsBlur(6).jpg,Insertion+Blur,1472,2044,0.72,414.28,231.291,29.966,-3.083,9.3,3.344,0.066,476.277,238.58,229.14,222.23
InsBlur(7).jpg,Insertion+Blur,1488,2058,0.723,383.92,231.383,25.551,-3.241,10.815,3.409,0.06,391.153,239.58,228.89,221.78
InsBlur(8).jpg,Insertion+Blur,1504,2084,0.722,378.31,234.093,24.631,-3.397,12.042,3.359,0.057,367.349,240.81,232.04,225.8
InsBlur(9).jpg,Insertion+Blur,1488,2072,0.718,354.88,235.462,25.527,-3.731,14.836,3.15,0.058,444.148,243.03,233.71,223.45
InsNoise(1).jpg,Insertion+Noise,1504,2070,0.727,426.62,223.653,28.71,-3.042,9.073,3.638,0.068,467.006,233.75,220.66,212.23
InsNoise(10).jpg,Insertion+Noise,1504,2084,0.722,378.96,232.224,25.41,-3.648,14.338,3.396,0.059,474.61,241.19,230.24,218.33
InsNoise(11).jpg,Insertion+Noise,1472,2044,0.72,331.22,235.38,19.88,-3.544,14.122,3.169,0.055,284.746,243.34,233.52,223.25
InsNoise(12).jpg,Insertion+Noise,1488,2070,0.719,353.68,226.665,20.762,-3.413,13.427,3.514,0.058,298.485,230.16,226.36,219.62
InsNoise(13).jpg,Insertion+Noise,1504,2070,0.727,439.28,228.863,26.851,-2.996,9.058,3.552,0.072,548.277,238.28,226.09,218.1
InsNoise(14).jpg,Insertion+Noise,1472,2044,0.72,352.94,227.231,21.808,-3.743,15.307,3.383,0.055,374.894,237.71,224.38,214.11
InsNoise(15).jpg,Insertion+Noise,1504,2095,0.718,291.62,228.741,16.125,-4.053,20.775,3.247,0.039,181.327,232.61,228.52,220.33
InsNoise(16).jpg,Insertion+Noise,1504,2095,0.718,297.67,228.726,16.465,-3.79,17.719,3.323,0.046,190.694,232.61,228.41,220.8
InsNoise(17).jpg,Insertion+Noise,1472,2045,0.72,425.9,234.092,32.739,-3.051,9.281,3.713,0.064,476.099,235.32,232.56,238.76
InsNoise(18).jpg,Insertion+Noise,1472,2030,0.725,464.99,231.119,34.022,-2.683,7.287,3.968,0.073,522.397,232.02,229.32,238.0
InsNoise(19).jpg,Insertion+Noise,1408,1952,0.721,312.45,221.902,20.302,-3.659,15.714,3.448,0.051,280.19,223.48,220.22,226.48
InsNoise(2).jpg,Insertion+Noise,1488,2058,0.723,335.21,217.962,20.017,-3.83,17.48,3.491,0.034,319.191,222.4,216.86,212.64
InsNoise(20).jpg,Insertion+Noise,1456,2006,0.726,375.48,223.063,23.43,-3.168,11.2,3.639,0.062,360.954,224.56,221.36,227.91
InsNoise(21).jpg,Insertion+Noise,1488,2070,0.719,450.13,217.217,34.995,-2.683,6.587,3.898,0.07,539.982,219.62,215.53,219.6
InsNoise(22).jpg,Insertion+Noise,1472,2032,0.724,459.32,220.108,25.874,-2.414,5.526,3.844,0.08,409.983,221.08,218.2,227.42
InsNoise(23).jpg,Insertion+Noise,1440,2006,0.718,321.59,240.347,23.233,-3.268,11.913,3.333,0.053,242.643,241.37,238.96,244.8
InsNoise(24).jpg,Insertion+Noise,1472,2058,0.715,429.27,226.667,26.372,-3.046,9.382,3.619,0.067,461.988,236.25,223.99,215.01
InsNoise(25).jpg,Insertion+Noise,1472,2044,0.72,450.33,226.481,27.748,-2.819,7.739,3.647,0.074,520.847,235.66,223.79,215.98
InsNoise(26).jpg,Insertion+Noise,1488,2056,0.724,413.25,228.645,27.135,-3.17,10.19,3.59,0.063,363.258,238.0,225.98,217.49
InsNoise(27).jpg,Insertion+Noise,1504,2084,0.722,435.39,223.879,31.404,-2.894,8.164,3.847,0.069,450.95,233.74,221.43,210.23
InsNoise(28).jpg,Insertion+Noise,1536,2122,0.724,452.81,228.168,29.016,-2.89,8.568,3.723,0.066,367.604,235.75,225.58,220.79
InsNoise(29).jpg,Insertion+Noise,1536,2136,0.719,393.97,233.445,24.854,-3.167,10.274,3.417,0.056,301.249,240.63,231.32,224.43
InsNoise(3).jpg,Insertion+Noise,1504,2070,0.727,388.48,220.29,22.079,-3.55,14.199,3.581,0.04,428.515,224.42,219.11,216.03
InsNoise(30).jpg,Insertion+Noise,1472,2044,0.72,354.02,210.469,22.427,-3.459,14.095,3.649,0.054,357.175,214.66,208.94,207.61
InsNoise(31).jpg,Insertion+Noise,1456,2018,0.722,317.27,229.219,19.628,-3.736,16.01,3.375,0.046,258.364,233.93,228.11,222.94
InsNoise(32).jpg,Insertion+Noise,1408,1966,0.716,348.9,235.617,30.332,-3.241,11.031,3.656,0.045,373.019,237.38,234.49,236.76
InsNoise(33).jpg,Insertion+Noise,1504,2082,0.722,424.96,232.698,26.453,-2.964,8.757,3.381,0.07,448.443,240.05,230.83,222.48
InsNoise(34).jpg,Insertion+Noise,1472,2044,0.72,401.16,223.915,24.825,-3.139,10.445,3.591,0.065,396.119,225.77,222.09,228.46
InsNoise(35).jpg,Insertion+Noise,1520,2095,0.726,444.08,225.247,26.852,-3.014,8.896,3.581,0.066,615.585,228.07,223.15,228.71
InsNoise(36).jpg,Insertion+Noise,1472,2058,0.715,362.94,230.646,21.842,-3.84,16.544,3.456,0.055,347.121,239.9,228.25,218.18
InsNoise(37).jpg,Insertion+Noise,1312,1810,0.725,315.48,244.473,26.261,-3.388,11.521,2.547,0.067,607.243,244.13,243.99,247.75
InsNoise(38).jpg,Insertion+Noise,1456,2018,0.722,470.55,230.173,31.978,-2.627,6.486,3.752,0.077,630.336,231.0,229.37,232.18
InsNoise(39).jpg,Insertion+Noise,1424,1980,0.719,357.46,238.509,27.335,-3.566,13.578,3.398,0.06,497.537,238.46,238.48,238.78
InsNoise(4).jpg,Insertion+Noise,1472,2044,0.72,358.98,217.646,21.129,-3.767,15.919,3.444,0.041,408.479,222.12,216.41,212.83
InsNoise(40).jpg,Insertion+Noise,1456,2018,0.722,367.53,209.969,20.518,-3.149,11.909,3.72,0.057,266.882,217.64,207.54,200.65
InsNoise(41).jpg,Insertion+Noise,1488,2056,0.724,344.85,245.609,26.985,-3.987,16.544,2.218,0.054,420.537,245.19,245.35,247.9
InsNoise(42).jpg,Insertion+Noise,1472,2045,0.72,311.65,223.723,18.999,-3.592,15.399,3.452,0.042,208.437,233.33,220.93,212.06
InsNoise(43).jpg,Insertion+Noise,1456,2018,0.722,388.22,219.412,23.374,-2.908,8.969,3.73,0.064,329.277,230.41,216.25,206.62
InsNoise(44).jpg,Insertion+Noise,1456,2018,0.722,309.91,223.159,18.759,-3.498,14.871,3.484,0.045,192.881,234.53,220.07,208.98
InsNoise(45).jpg,Insertion+Noise,1472,2044,0.72,404.95,215.884,31.871,-2.986,8.591,3.714,0.066,502.409,218.46,214.31,217.23
InsNoise(46).jpg,Insertion+Noise,1472,2058,0.715,359.48,225.521,20.87,-3.158,10.758,3.503,0.055,280.733,227.59,223.58,230.06
InsNoise(47).jpg,Insertion+Noise,1488,2056,0.724,336.76,234.515,23.928,-3.801,15.407,3.1,0.05,338.257,242.71,232.64,222.12
InsNoise(48).jpg,Insertion+Noise,1504,2095,0.718,424.08,225.495,31.307,-2.941,8.385,3.736,0.069,459.77,235.47,223.22,210.73
InsNoise(49).jpg,Insertion+Noise,1520,2098,0.724,445.63,208.25,24.07,-2.762,9.146,3.887,0.07,481.763,212.56,206.56,206.02
InsNoise(5).jpg,Insertion+Noise,1472,2044,0.72,368.39,230.347,26.646,-3.399,12.113,3.479,0.055,350.315,238.59,228.31,218.75
InsNoise(50).jpg,Insertion+Noise,1488,2070,0.719,338.9,211.627,19.952,-3.567,15.17,3.61,0.048,312.996,216.07,210.17,207.88
InsNoise(6).jpg,Insertion+Noise,1472,2044,0.72,415.02,231.29,30.014,-3.085,9.304,3.343,0.067,479.703,238.58,229.14,222.23
InsNoise(7).jpg,Insertion+Noise,1488,2058,0.723,390.91,231.377,25.597,-3.241,10.803,3.409,0.06,393.598,239.57,228.89,221.78
InsNoise(8).jpg,Insertion+Noise,1504,2084,0.722,379.47,234.09,24.663,-3.396,12.022,3.359,0.057,370.583,240.8,232.04,225.79
InsNoise(9).jpg,Insertion+Noise,1488,2072,0.718,355.19,235.473,25.518,-3.733,14.857,3.15,0.058,445.169,243.04,233.72,223.46
Noise(1).jpg,Noise,1504,2070,0.727,417.85,223.747,28.723,-3.033,9.03,3.583,0.068,483.563,233.78,220.75,212.32
Noise(10).jpg,Noise,1504,2084,0.722,375.68,232.249,25.406,-3.643,14.3,3.387,0.059,493.459,241.25,230.21,218.4
Noise(11).jpg,Noise,1472,2044,0.72,327.46,235.377,19.863,-3.539,14.087,3.163,0.055,315.179,243.38,233.49,223.25
Noise(12).jpg,Noise,1488,2070,0.719,349.87,226.721,20.835,-3.383,13.241,3.481,0.06,363.554,230.13,226.51,219.82
Noise(13).jpg,Noise,1504,2070,0.727,436.47,228.917,26.861,-2.986,9.003,3.541,0.073,585.199,238.31,226.11,218.17
Noise(14).jpg,Noise,1472,2044,0.72,345.68,227.327,21.844,-3.723,15.17,3.32,0.056,407.293,237.74,224.47,214.21
Noise(15).jpg,Noise,1504,2095,0.718,288.12,228.788,16.181,-3.994,20.305,3.22,0.041,234.924,232.57,228.66,220.57
Noise(16).jpg,Noise,1504,2095,0.718,293.98,228.771,16.568,-3.745,17.364,3.279,0.048,252.971,232.58,228.55,221.0
Noise(17).jpg,Noise,1472,2045,0.72,422.63,234.199,32.753,-3.042,9.246,3.668,0.065,513.652,235.42,232.64,238.99
Noise(18).jpg,Noise,1472,2030,0.725,453.55,231.232,34.046,-2.673,7.239,3.91,0.074,566.335,232.11,229.41,238.23
Noise(19).jpg,Noise,1408,1952,0.721,306.82,221.849,20.336,-3.634,15.536,3.447,0.052,326.274,223.38,220.2,226.35
Noise(2).jpg,Noise,1488,2058,0.723,336.17,217.979,20.056,-3.794,17.259,3.483,0.037,389.944,222.13,217.01,212.67
Noise(20).jpg,Noise,1456,2006,0.726,364.23,223.106,23.381,-3.156,11.16,3.628,0.062,392.689,224.57,221.44,227.88
Noise(21).jpg,Noise,1488,2070,0.719,443.44,217.244,34.988,-2.673,6.563,3.899,0.073,631.883,219.56,215.63,219.53
Noise(22).jpg,Noise,1472,2032,0.724,444.59,220.139,25.852,-2.402,5.472,3.834,0.081,437.959,221.08,218.25,227.41
Noise(23).jpg,Noise,1440,2006,0.718,310.77,240.478,23.292,-3.254,11.833,3.227,0.053,291.147,241.49,239.06,245.09
Noise(24).jpg,Noise,1472,2058,0.715,425.97,226.745,26.407,-3.032,9.325,3.604,0.069,530.859,236.28,224.04,215.13
Noise(25).jpg,Noise,1472,2044,0.72,446.14,226.551,27.764,-2.805,7.682,3.64,0.075,592.552,235.69,223.84,216.09
Noise(26).jpg,Noise,1488,2056,0.724,407.88,228.693,27.175,-3.163,10.163,3.583,0.064,429.143,238.04,225.99,217.6
Noise(27).jpg,Noise,1504,2084,0.722,437.16,223.939,31.446,-2.884,8.135,3.832,0.071,536.146,233.74,221.46,210.37
Noise(28).jpg,Noise,1536,2122,0.724,441.52,228.198,29.022,-2.884,8.531,3.712,0.066,399.448,235.79,225.54,220.87
Noise(29).jpg,Noise,1536,2136,0.719,384.06,233.454,24.813,-3.165,10.264,3.404,0.057,329.261,240.68,231.27,224.43
Noise(3).jpg,Noise,1504,2070,0.727,386.41,220.247,22.049,-3.534,14.132,3.581,0.041,459.056,224.1,219.2,216.01
Noise(30).jpg,Noise,1472,2044,0.72,349.55,210.503,22.474,-3.426,13.904,3.635,0.056,418.399,214.47,209.13,207.6
Noise(31).jpg,Noise,1456,2018,0.722,311.17,229.332,19.625,-3.713,15.875,3.314,0.049,301.263,233.69,228.37,223.08
Noise(32).jpg,Noise,1408,1966,0.716,339.06,235.745,30.352,-3.228,10.977,3.581,0.046,408.125,237.48,234.62,236.94
Noise(33).jpg,Noise,1504,2082,0.722,419.22,232.713,26.394,-2.964,8.764,3.365,0.072,473.082,240.13,230.8,222.49
Noise(34).jpg,Noise,1472,2044,0.72,392.99,223.968,24.837,-3.125,10.41,3.579,0.066,462.196,225.75,222.2,228.45
Noise(35).jpg,Noise,1520,2095,0.726,448.11,225.362,26.873,-3.009,8.882,3.514,0.067,651.616,228.07,223.33,228.81
Noise(36).jpg,Noise,1472,2058,0.715,358.65,230.707,21.821,-3.821,16.431,3.445,0.056,400.667,239.95,228.26,218.25
Noise(37).jpg,Noise,1312,1810,0.725,328.95,244.62,26.253,-3.395,11.586,2.402,0.068,646.589,244.28,244.06,248.36
Noise(38).jpg,Noise,1456,2018,0.722,467.04,230.202,31.909,-2.626,6.491,3.74,0.078,646.932,230.98,229.42,232.32
Noise(39).jpg,Noise,1424,1980,0.719,352.74,238.68,27.339,-3.557,13.557,3.272,0.06,521.458,238.64,238.63,239.09
Noise(4).jpg,Noise,1472,2044,0.72,350.02,217.648,21.136,-3.748,15.809,3.437,0.043,441.066,221.78,216.57,212.83
Noise(40).jpg,Noise,1456,2018,0.722,365.56,209.946,20.615,-3.108,11.682,3.729,0.06,342.031,217.58,207.42,200.75
Noise(41).jpg,Noise,1488,2056,0.724,349.14,245.727,26.974,-3.988,16.573,2.067,0.054,445.905,245.31,245.42,248.38
Noise(42).jpg,Noise,1472,2045,0.72,300.81,223.711,18.987,-3.56,15.235,3.447,0.045,253.554,233.28,220.89,212.07
Noise(43).jpg,Noise,1456,2018,0.722,383.0,219.397,23.408,-2.888,8.885,3.733,0.067,396.379,230.29,216.24,206.66
Noise(44).jpg,Noise,1456,2018,0.722,309.6,223.124,18.837,-3.453,14.685,3.496,0.048,309.451,234.4,220.04,208.94
Noise(45).jpg,Noise,1472,2044,0.72,398.55,215.827,31.886,-2.973,8.539,3.717,0.067,557.402,218.29,214.34,217.09
Noise(46).jpg,Noise,1472,2058,0.715,354.32,225.576,20.897,-3.137,10.621,3.476,0.056,312.9,227.58,223.69,230.06
Noise(47).jpg,Noise,1488,2056,0.724,332.45,234.51,23.914,-3.798,15.383,3.089,0.05,360.212,242.74,232.62,222.11
Noise(48).jpg,Noise,1504,2095,0.718,421.66,225.558,31.328,-2.935,8.354,3.718,0.07,498.67,235.49,223.26,210.88
Noise(49).jpg,Noise,1520,2098,0.724,446.72,208.222,24.162,-2.725,8.981,3.891,0.073,574.794,212.26,206.68,205.97
Noise(5).jpg,Noise,1472,2044,0.72,365.67,230.362,26.674,-3.383,12.015,3.469,0.057,413.819,238.6,228.31,218.78
Noise(50).jpg,Noise,1488,2070,0.719,337.42,211.646,20.04,-3.521,14.895,3.596,0.051,383.006,215.82,210.35,207.88
Noise(6).jpg,Noise,1472,2044,0.72,408.5,231.292,29.978,-3.082,9.292,3.337,0.067,506.996,238.64,229.06,222.22
Noise(7).jpg,Noise,1488,2058,0.723,380.19,231.393,25.584,-3.235,10.771,3.4,0.061,431.525,239.6,228.85,221.81
Noise(8).jpg,Noise,1504,2084,0.722,381.57,234.042,24.664,-3.381,11.954,3.366,0.059,439.75,240.7,231.93,225.82
Noise(9).jpg,Noise,1488,2072,0.718,354.61,235.467,25.49,-3.727,14.823,3.137,0.059,474.949,243.08,233.63,223.48
Normal(1).jpg,Normal,1504,2070,0.727,258.48,223.761,28.687,-3.038,9.048,3.581,0.068,463.481,233.84,220.75,212.31
Normal(10).jpg,Normal,1504,2084,0.722,233.2,232.292,25.388,-3.648,14.332,3.4,0.059,473.961,241.35,230.25,218.35
Normal(11).jpg,Normal,1472,2044,0.72,205.25,235.433,19.83,-3.545,14.124,3.181,0.055,284.248,243.48,233.53,223.27
Normal(12).jpg,Normal,1488,2070,0.719,215.9,226.731,20.705,-3.405,13.359,3.469,0.058,292.569,230.14,226.53,219.81
Normal(13).jpg,Normal,1504,2070,0.727,266.62,228.954,26.816,-2.996,9.052,3.535,0.072,546.281,238.41,226.13,218.16
Normal(14).jpg,Normal,1472,2044,0.72,215.09,227.346,21.782,-3.738,15.25,3.314,0.055,369.079,237.81,224.47,214.19
Normal(15).jpg,Normal,1504,2095,0.718,181.59,228.8,16.034,-4.031,20.555,3.205,0.039,172.79,232.58,228.68,220.57
Normal(16).jpg,Normal,1504,2095,0.718,185.0,228.796,16.417,-3.782,17.629,3.267,0.046,181.381,232.6,228.58,221.0
Normal(17).jpg,Normal,1472,2045,0.72,253.5,234.264,32.729,-3.047,9.259,3.666,0.064,471.568,235.47,232.7,239.15
Normal(18).jpg,Normal,1472,2030,0.725,272.49,231.301,34.019,-2.677,7.252,3.909,0.072,511.879,232.17,229.47,238.4
Normal(19).jpg,Normal,1408,1952,0.721,189.87,221.857,20.225,-3.661,15.709,3.443,0.051,274.842,223.39,220.21,226.37
Normal(2).jpg,Normal,1488,2058,0.723,205.83,217.979,19.911,-3.84,17.53,3.467,0.033,308.398,222.13,217.02,212.67
Normal(20).jpg,Normal,1456,2006,0.726,223.07,223.111,23.286,-3.172,11.233,3.618,0.061,343.467,224.57,221.44,227.9
Normal(21).jpg,Normal,1488,2070,0.719,263.03,217.264,34.879,-2.686,6.601,3.878,0.07,519.848,219.59,215.64,219.59
Normal(22).jpg,Normal,1472,2032,0.724,267.61,220.146,25.758,-2.411,5.502,3.824,0.079,393.593,221.07,218.27,227.44
Normal(23).jpg,Normal,1440,2006,0.718,194.55,240.555,23.247,-3.26,11.84,3.231,0.053,243.516,241.56,239.14,245.24
Normal(24).jpg,Normal,1472,2058,0.715,256.85,226.793,26.323,-3.048,9.391,3.587,0.067,456.795,236.39,224.07,215.1
Normal(25).jpg,Normal,1472,2044,0.72,268.84,226.597,27.678,-2.82,7.739,3.626,0.073,511.567,235.8,223.87,216.06
Normal(26).jpg,Normal,1488,2056,0.724,247.64,228.747,27.111,-3.172,10.201,3.578,0.063,363.887,238.15,226.03,217.57
Normal(27).jpg,Normal,1504,2084,0.722,261.8,223.99,31.37,-2.895,8.173,3.82,0.069,450.593,233.87,221.49,210.31
Normal(28).jpg,Normal,1536,2122,0.724,271.64,228.231,28.984,-2.889,8.555,3.716,0.065,364.657,235.85,225.56,220.88
Normal(29).jpg,Normal,1536,2136,0.719,240.76,233.512,24.789,-3.166,10.252,3.427,0.056,296.3,240.78,231.31,224.49
Normal(3).jpg,Normal,1504,2070,0.727,235.96,220.256,21.965,-3.559,14.265,3.574,0.04,418.518,224.11,219.22,216.03
Normal(30).jpg,Normal,1472,2044,0.72,214.13,210.5,22.344,-3.46,14.094,3.621,0.053,341.239,214.47,209.13,207.61
Normal(31).jpg,Normal,1456,2018,0.722,191.64,229.349,19.514,-3.74,16.047,3.3,0.046,246.889,233.71,228.39,223.09
Normal(32).jpg,Normal,1408,1966,0.716,204.63,235.819,30.336,-3.232,10.981,3.582,0.045,367.775,237.56,234.69,237.05
Normal(33).jpg,Normal,1504,2082,0.722,259.24,232.792,26.393,-2.964,8.751,3.394,0.071,447.53,240.26,230.88,222.53
Normal(34).jpg,Normal,1472,2044,0.72,238.59,223.981,24.719,-3.139,10.448,3.563,0.064,384.344,225.76,222.21,228.5
Normal(35).jpg,Normal,1520,2095,0.726,279.86,225.389,26.831,-3.027,8.964,3.505,0.065,616.617,228.1,223.35,228.87
Normal(36).jpg,Normal,1472,2058,0.715,220.17,230.744,21.737,-3.84,16.534,3.438,0.055,339.277,240.03,228.29,218.24
Normal(37).jpg,Normal,1312,1810,0.725,207.82,244.815,26.276,-3.413,11.661,2.361,0.067,627.1,244.51,244.2,248.76
Normal(38).jpg,Normal,1456,2018,0.722,287.06,230.233,31.899,-2.63,6.497,3.747,0.077,635.599,230.99,229.46,232.38
Normal(39).jpg,Normal,1424,1980,0.719,220.32,238.742,27.326,-3.562,13.558,3.271,0.06,498.789,238.71,238.68,239.21
Normal(4).jpg,Normal,1472,2044,0.72,215.33,217.647,21.041,-3.781,16.007,3.425,0.04,396.931,221.78,216.57,212.84
Normal(40).jpg,Normal,1456,2018,0.722,219.1,209.951,20.444,-3.144,11.86,3.709,0.057,258.963,217.6,207.42,200.73
Normal(41).jpg,Normal,1488,2056,0.724,221.64,245.897,26.99,-4.001,16.614,2.022,0.054,429.592,245.52,245.54,248.69
Normal(42).jpg,Normal,1472,2045,0.72,185.24,223.729,18.852,-3.59,15.361,3.434,0.041,180.437,233.33,220.9,212.05
Normal(43).jpg,Normal,1456,2018,0.722,229.35,219.415,23.272,-2.909,8.963,3.719,0.063,315.893,230.35,216.24,206.61
Normal(44).jpg,Normal,1456,2018,0.722,186.4,223.153,18.614,-3.497,14.897,3.473,0.045,179.649,234.47,220.06,208.91
Normal(45).jpg,Normal,1472,2044,0.72,240.32,215.842,31.793,-2.986,8.586,3.708,0.065,486.322,218.32,214.34,217.15
Normal(46).jpg,Normal,1472,2058,0.715,216.29,225.578,20.813,-3.15,10.685,3.468,0.055,273.681,227.57,223.7,230.09
Normal(47).jpg,Normal,1488,2056,0.724,209.06,234.563,23.902,-3.801,15.397,3.115,0.05,339.645,242.83,232.67,222.13
Normal(48).jpg,Normal,1504,2095,0.718,257.0,225.589,31.292,-2.94,8.369,3.713,0.069,461.187,235.59,223.28,210.79
Normal(49).jpg,Normal,1520,2098,0.724,269.09,208.23,24.001,-2.761,9.142,3.876,0.069,470.533,212.27,206.69,206.01
Normal(5).jpg,Normal,1472,2044,0.72,224.07,230.414,26.603,-3.397,12.089,3.471,0.055,348.193,238.71,228.35,218.79
Normal(50).jpg,Normal,1488,2070,0.719,208.67,211.644,19.895,-3.561,15.103,3.583,0.048,306.444,215.82,210.35,207.89
Normal(6).jpg,Normal,1472,2044,0.72,252.59,231.364,29.971,-3.086,9.307,3.355,0.067,478.893,238.77,229.11,222.28
Normal(7).jpg,Normal,1488,2058,0.723,234.3,231.436,25.532,-3.24,10.784,3.41,0.06,388.527,239.67,228.88,221.83
Normal(8).jpg,Normal,1504,2084,0.722,233.71,234.141,24.599,-3.394,12.009,3.369,0.057,368.204,240.86,232.01,225.92
Normal(9).jpg,Normal,1488,2072,0.718,221.96,235.548,25.478,-3.734,14.853,3.165,0.058,446.591,243.27,233.68,223.56
